<fonts-modification version="1">
    <family customizationType="new-named-family" name="google-sans">
        <font weight="400" style="normal">GoogleSans-Regular.ttf</font>
        <font weight="400" style="italic">GoogleSans-Italic.ttf</font>
        <font weight="500" style="normal">GoogleSans-Medium.ttf</font>
        <font weight="500" style="italic">GoogleSans-MediumItalic.ttf</font>
        <font weight="700" style="normal">GoogleSans-Bold.ttf</font>
        <font weight="700" style="italic">GoogleSans-BoldItalic.ttf</font>
    </family>
    <alias name="google-sans-medium" to="google-sans" weight="500" />

    <family customizationType="new-named-family" name="arbutus-slab">
      <font weight="400" style="normal">ArbutusSlab-Regular.ttf</font>
    </family>

    <family customizationType="new-named-family" name="lato">
      <font weight="400" style="normal">Lato-Regular.ttf</font>
      <font weight="400" style="italic">Lato-Italic.ttf</font>
      <font weight="700" style="normal">Lato-Bold.ttf</font>
      <font weight="700" style="italic">Lato-BoldItalic.ttf</font>
    </family>
    <alias name="lato-bold" to="lato" weight="700" />

    <family customizationType="new-named-family" name="rubik">
      <font weight="400" style="normal">Rubik-Regular.ttf</font>
      <font weight="400" style="italic">Rubik-Italic.ttf</font>
      <font weight="500" style="normal">Rubik-Medium.ttf</font>
      <font weight="500" style="italic">Rubik-MediumItalic.ttf</font>
      <font weight="700" style="normal">Rubik-Bold.ttf</font>
      <font weight="700" style="italic">Rubik-BoldItalic.ttf</font>
    </family>
    <alias name="rubik-medium" to="rubik" weight="500" />

    <family customizationType="new-named-family" name="zilla-slab-medium">
      <font weight="500" style="normal">ZillaSlab-Medium.ttf</font>
      <font weight="500" style="italic">ZillaSlab-MediumItalic.ttf</font>
      <font weight="600" style="normal">ZillaSlab-SemiBold.ttf</font>
      <font weight="600" style="italic">ZillaSlab-SemiBoldItalic.ttf</font>
    </family>
    <alias name="zilla-slab-semi-bold" to="zilla-slab-medium" weight="600" />
</fonts-modification>
