<?xml version="1.0" encoding="utf-8"?>
<config>
    <hidden-api-whitelisted-app package="com.google.android.as"/>
    <hidden-api-whitelisted-app package="com.google.android.apps.nexuslauncher"/>
    <hidden-api-whitelisted-app package="com.google.android.apps.wallpaper"/>
    <hidden-api-whitelisted-app package="com.google.android.markup"/>
    <hidden-api-whitelisted-app package="com.google.android.soundpicker"/>
    <hidden-api-whitelisted-app package="com.google.android.apps.gcs"/>
    <hidden-api-whitelisted-app package="com.google.android.settings.intelligence"/>
    <hidden-api-whitelisted-app package="com.google.android.apps.scone"/>
    <hidden-api-whitelisted-app package="com.google.android.apps.wallpaper.nexus"/>
    <hidden-api-whitelisted-app package="com.breel.wallpapers18"/>
</config>
