<?xml version="1.0" encoding="utf-8"?>
<permissions>
  <privapp-permissions package="com.google.android.apps.nexuslauncher">
      <permission name="android.permission.BIND_APPWIDGET"/>
      <permission name="android.permission.CONTROL_REMOTE_APP_TRANSITION_ANIMATIONS"/>
      <permission name="android.permission.PACKAGE_USAGE_STATS"/>
      <permission name="android.permission.WRITE_SECURE_SETTINGS"/>
  </privapp-permissions>
  <privapp-permissions package="com.google.android.as">
      <permission name="android.permission.CAPTURE_AUDIO_HOTWORD"/>
      <permission name="android.permission.CAPTURE_AUDIO_OUTPUT"/>
      <permission name="android.permission.CAPTURE_MEDIA_OUTPUT"/>
      <permission name="android.permission.CONTROL_INCALL_EXPERIENCE"/>
      <permission name="android.permission.LOCATION_HARDWARE"/>
      <permission name="android.permission.MANAGE_SOUND_TRIGGER"/>
      <permission name="android.permission.MODIFY_AUDIO_ROUTING"/>
      <permission name="android.permission.MODIFY_PHONE_STATE"/>
      <permission name="android.permission.MONITOR_DEFAULT_SMS_PACKAGE"/>
      <permission name="android.permission.PACKAGE_USAGE_STATS"/>
      <permission name="android.permission.READ_OEM_UNLOCK_STATE"/>
      <permission name="android.permission.REQUEST_NOTIFICATION_ASSISTANT_SERVICE"/>
      <permission name="android.permission.SUBSTITUTE_NOTIFICATION_APP_NAME"/>
      <permission name="android.permission.UPDATE_DEVICE_STATS"/>
      <permission name="android.permission.WRITE_SECURE_SETTINGS"/>
  </privapp-permissions>
  <privapp-permissions package="com.google.android.apps.wallpaper">
      <permission name="android.permission.BIND_WALLPAPER"/>
      <permission name="android.permission.CHANGE_OVERLAY_PACKAGES"/>
      <permission name="android.permission.READ_WALLPAPER_INTERNAL"/>
      <permission name="android.permission.SET_WALLPAPER_COMPONENT"/>
      <permission name="android.permission.WRITE_SECURE_SETTINGS"/>
  </privapp-permissions>
  <privapp-permissions package="com.google.android.apps.gcs">
      <permission name="android.permission.CONTROL_VPN"/>
      <permission name="android.permission.GET_APP_OPS_STATS"/>
      <permission name="android.permission.INTERACT_ACROSS_USERS"/>
      <permission name="android.permission.OVERRIDE_WIFI_CONFIG"/>
      <permission name="android.permission.PACKET_KEEPALIVE_OFFLOAD"/>
      <permission name="android.permission.SCORE_NETWORKS"/>
      <permission name="android.permission.UPDATE_APP_OPS_STATS"/>
  </privapp-permissions>
  <privapp-permissions package="com.google.android.settings.intelligence">
      <permission name="android.permission.MANAGE_FINGERPRINT"/>
      <permission name="android.permission.MODIFY_PHONE_STATE"/>
      <permission name="android.permission.READ_DEVICE_CONFIG"/>
      <permission name="android.permission.READ_SEARCH_INDEXABLES"/>
      <permission name="android.permission.START_ACTIVITIES_FROM_BACKGROUND"/>
      <permission name="android.permission.WRITE_DEVICE_CONFIG"/>
      <permission name="android.permission.WRITE_SECURE_SETTINGS"/>
      <permission name="android.permission.WRITE_SETTINGS_HOMEPAGE_DATA"/>
  </privapp-permissions>
  <privapp-permissions package="com.google.android.apps.scone">
      <permission name="android.permission.DUMP"/>
      <permission name="android.permission.INTERACT_ACROSS_USERS"/>
      <permission name="android.permission.LOCATION_HARDWARE"/>
      <permission name="android.permission.MANAGE_USB"/>
      <permission name="android.permission.MODIFY_PHONE_STATE"/>
      <permission name="android.permission.OVERRIDE_WIFI_CONFIG"/>
      <permission name="android.permission.READ_PRECISE_PHONE_STATE"/>
      <permission name="android.permission.READ_PRIVILEGED_PHONE_STATE"/>
      <permission name="android.permission.WIFI_UPDATE_USABILITY_STATS_SCORE"/>
      <permission name="android.permission.WIFI_SET_DEVICE_MOBILITY_STATE"/>
      <permission name="android.permission.NETWORK_SCAN"/>
  </privapp-permissions>
</permissions>
